Odor,CasN
1HxOl,111-27-3 
bCitr,106-22-9  
Lnlol,78-70-6
Frnsl,4602-84-0
E2Hex,6728-26-3
BeZal,100-52-7 
Nonnl,124-19-6
AceAc,4906-24-5
23BTD,431-03-8 
Acoin,513-86-0
Prpyl,109-60-4
Et3HB,5405-41-4
EtHex,123-66-0
IPenA,123-92-2
HexAc,142-92-7 
MtAct,79-20-9 
GerAc,105-87-3
CiVAc,6186-98-7
MetSl,119-36-8 
PeEtA,60-12-8 
2PnAc,103-45-7
PAcAc,103-82-2
AcAcd,64-19-7
PrpnA,79-09-4
BtrAc,107-92-6
HCL36,7647-01-0
Amnia,7664-41-7
Cdvrn,462-94-2
Sprmn,71-44-3
EtAmn,75-04-7
Sprdn,124-20-9
Ptscn,110-60-1 
Pyrdn,110-86-1
PEtAm,64-04-0
PAcHd,122-78-1 
Geosn,16423-19-1
,
,
,
,
,
,
,
,
,
